{"cameraMode":{"drawMode":0,"name":"Shaded","section":"Shading Mode"},"sceneLighting":true,"audioPlay":false,"sceneViewState":{"m_AlwaysRefresh":false,"showFog":true,"showSkybox":true,"showFlares":true,"showImageEffects":true,"showParticleSystems":true,"showVisualEffectGraphs":true,"m_FxEnabled":true},"in2DMode":false,"pivot":{"x":0.10254663974046707,"y":1.701225757598877,"z":3.6999735832214357},"rotation":{"x":-0.14712442457675935,"y":0.6794016361236572,"z":-0.14183562994003297,"w":-0.7047356963157654},"size":6.2718071937561039,"orthographic":false}